{
  "exploration": {
    "tfidf": {
      "ndcg@5": 0.5536300469363494,
      "ndcg@10": 0.5243443601518315,
      "precision@5": 0.732,
      "mrr": 0.8771150793650793
    },
    "bert": {
      "ndcg@5": 0.4807578794269257,
      "ndcg@10": 0.4523138714992009,
      "precision@5": 0.6076,
      "mrr": 0.778068253968254
    },
    "hybrid": {
      "ndcg@5": 0.7298686251049226,
      "ndcg@10": 0.7682027820836891,
      "precision@5": 0.986,
      "mrr": 0.9929
    },
    "supervised": {
      "ndcg@5": 0.7426243842823289,
      "ndcg@10": 0.7835493930421089,
      "precision@5": 0.9992000000000001,
      "mrr": 1.0
    }
  },
  "deepdive": {
    "tfidf": {
      "ndcg@5": 0.7271939948802756,
      "ndcg@10": 0.6726183908653904,
      "precision@5": 0.732,
      "mrr": 0.8771150793650793
    },
    "bert": {
      "ndcg@5": 0.5908742957653905,
      "ndcg@10": 0.5457295916809665,
      "precision@5": 0.6076,
      "mrr": 0.778068253968254
    },
    "hybrid": {
      "ndcg@5": 0.9598609090273328,
      "ndcg@10": 0.9575911658783048,
      "precision@5": 0.986,
      "mrr": 0.9929
    },
    "supervised": {
      "ndcg@5": 0.9708807384449437,
      "ndcg@10": 0.971388494953467,
      "precision@5": 0.9992000000000001,
      "mrr": 1.0
    }
  }
}