{
  "TF-IDF": {
    "ndcg@5": 0.3919026588628083,
    "ndcg@10": 0.36596139947247197,
    "precision@5": 0.457,
    "mrr": 0.6243531746031746
  },
  "BERT": {
    "ndcg@5": 0.8211027278889662,
    "ndcg@10": 0.8305411453427236,
    "precision@5": 0.9089999999999999,
    "mrr": 0.975
  },
  "Hybrid": {
    "ndcg@5": 0.7977701707501095,
    "ndcg@10": 0.8041970951848484,
    "precision@5": 0.8839999999999999,
    "mrr": 0.9641666666666667
  }
}